Date,Return
2021-04-30,-1.92922558075759
2021-05-03,0.45990734576509446
2021-05-04,1.934976817987587
2021-05-05,0.11607662359622872
2021-05-06,-1.2696266860562275
2021-05-07,0.2786538431364594
2021-05-10,0.058565155407444516
2021-05-11,0.3360856528009074
2021-05-12,1.1170058839081796
2021-05-13,-3.3294855119717734
2021-05-14,2.4456139315296967
2021-05-17,1.0856298272943457
2021-05-18,-1.0856298272943363
2021-05-19,-3.028967616339089
2021-05-20,-2.3526925630822855
2021-05-21,2.0221137496323323
2021-05-24,2.9950348356945153
2021-05-25,0.27714991119410104
2021-05-26,0.3199537342626879
2021-05-27,0.8530377759320991
2021-05-28,0.24444616385273618
2021-05-31,-0.4462044107050011
2021-06-01,1.3326843366449836
2021-06-02,1.5537035708990097
2021-06-03,-0.05607738826330555
2021-06-04,0.8100602955567995
2021-06-07,-0.557959321701978
2021-06-08,1.0159436070551315
2021-06-10,0.41453700373385766
2021-06-11,0.23414376098937692
2021-06-14,0.23359680838737065
2021-06-15,1.5390157357041685
2021-06-16,0.5391575265790531
2021-06-17,-1.776679269344408
2021-06-18,0.5866719876190302
2021-06-21,1.8732439137177606
2021-06-22,-0.12023246388602613
2021-06-23,0.5066677505621835
2021-06-24,0.49087992433734173
2021-06-25,0.8171918417149217
2021-06-28,-1.9886642376936148
2021-06-29,0.10706639138402449
2021-06-30,0.4936963793707126
2021-07-01,0.9405911565697154
2021-07-02,0.4341826437930472
2021-07-05,1.2913503652831468
2021-07-06,-3.467945914392576
2021-07-07,-1.4869157430083246
2021-07-08,0.9352829953639994
2021-07-09,1.9109287301589357
2021-07-12,-0.517551417348401
2021-07-13,1.7540838788510082
2021-07-14,-2.2877030746412395
2021-07-15,-1.740582295517609
2021-07-16,0.16319873063216286
2021-07-19,-6.992510950820391
2021-07-20,1.0582109330536789
2021-07-21,4.068932530191493
2021-07-22,2.13677490075198
2021-07-23,0.41923112317657807
2021-07-26,0.538359308347268
2021-07-27,-0.026849241670210744
2021-07-28,0.34847910885261607
2021-07-29,1.7375594647964117
2021-07-30,0.36750271050771477
2021-08-02,-4.611459041625735
2021-08-03,-0.6607043993392228
2021-08-04,-2.8435279507290256
2021-08-05,1.284693323609825
2021-08-06,-0.8310492227010037
2021-08-09,-2.3759526127354555
2021-08-10,2.2768936645658284
2021-08-11,1.1402953147412809
2021-08-12,-0.1821366528031258
2021-08-13,-1.0148078632831408
2021-08-16,-1.5417864294986228
2021-08-17,-0.6929434397010398
2021-08-18,-1.1656841888051919
2021-08-19,-2.643456566807793
2021-08-20,-1.9297111749838811
2021-08-23,5.332406313726517
2021-08-24,3.290711799642892
2021-08-25,1.6748472449431908
2021-08-26,-1.6467020153737855
2021-08-27,2.2676077700670114
2021-08-30,0.9718781583216197
2021-08-31,-0.5737720659149053
2021-09-01,-1.9367046055447188
2021-09-02,1.9914916223924697
2021-09-03,-0.5767662239862997
2021-09-06,-0.5385637542843739
2021-09-07,-0.7365747984530896
2021-09-08,1.2613653965969565
2021-09-09,-1.5967017454873844
2021-09-10,2.036504543458589
2021-09-13,0.80585015755341
2021-09-14,0.1223574348834117
2021-09-15,2.4957688801333746
2021-09-16,0.27790661702660285
2021-09-17,-0.4370578442535175
2021-09-20,-1.9027774930466357
2021-09-21,0.5934735519814527
2021-09-22,2.431205763167505
2021-09-23,1.3816695292936587
2021-09-24,1.0815091896728903
2021-09-27,1.8272301294460211
2021-09-28,-0.5547864437717979
2021-09-29,-0.5705968692414787
2021-09-30,-0.15271064306508172
2021-10-01,0.9632520613472284
2021-10-04,2.466800053784809
2021-10-05,1.5871411173671826
2021-10-06,-1.808898014945335
2021-10-07,1.0672983606039383
2021-10-08,0.5354765137659867
2021-10-11,1.5177357105334426
2021-10-12,-0.27533386640338353
2021-10-13,-0.2881154454033518
2021-10-14,0.980986452854799
2021-10-15,1.0186040930865101
2021-10-18,-0.6265166187628566
2021-10-19,0.8854316745486349
2021-10-20,0.8660089231342082
2021-10-21,-1.4199616626969076
2021-10-22,1.0814728656280779
2021-10-25,0.5363818830114857
2021-10-26,0.47566653872048464
2021-10-27,-2.128984376566753
2021-10-28,-0.307874725129044
2021-10-29,0.07113219031404366
2021-11-01,0.3903251747267032
2021-11-02,0.011804284969146489
2021-11-03,-3.2754412685064738
2021-11-04,-1.7843333184778123
2021-11-05,2.694920560995728
2021-11-08,0.8304795880717867
2021-11-09,1.6051709010507824
2021-11-10,-2.5565841113107974
2021-11-11,0.27792900495679757
2021-11-12,-0.8482842917854609
2021-11-15,-0.14614544069965868
2021-11-16,0.4620630789036406
2021-11-17,-2.6428924396998883
2021-11-18,1.1887212784046504
2021-11-19,-2.9353259605185626
2021-11-22,1.0215108689171117
2021-11-23,3.22230211883832
2021-11-24,-0.07292173390713623
2021-11-25,-0.03648081757489088
2021-11-26,-12.2782131600509
2021-11-29,0.985229644301164
2021-11-30,-3.98636212994962
2021-12-01,-2.438445545613178
2021-12-02,1.1549139485420614
2021-12-03,0.3009676223828205
2021-12-06,4.477524624395022
2021-12-07,3.1782906815396013
2021-12-08,0.5024471762986672
2021-12-09,-1.8637387169712236
2021-12-10,0.9761393280507186
2021-12-13,-1.016459199573354
2021-12-14,-0.9318725007959066
2021-12-15,0.24393561357481264
2021-12-16,1.53125893227021
2021-12-17,-2.0197266606309627
2021-12-20,-2.758034718217295
2021-12-21,3.381765553904941
2021-12-22,1.7552537457723036
2021-12-23,2.050814612257385
2021-12-24,-0.9281719030253486
2021-12-27,3.17979484808095
2021-12-28,0.4316370799540314
2021-12-29,0.36669447424496704
2021-12-30,0.11352886744444819
2021-12-31,-1.9605974923993856
2022-01-03,1.5310327130902226
2022-01-04,1.2831978815378242
2022-01-05,0.9950330853168092
2022-01-06,1.4620323081036708
2022-01-07,-0.2931478830723445
2022-01-10,-1.0822882669631984
2022-01-11,3.463497047006815
2022-01-12,1.1283450076386998
2022-01-13,-0.2364905914780629
2022-01-14,1.8648285671048246
2022-01-17,0.4868445920499228
2022-01-18,1.183989921678685
2022-01-19,1.0571283441505661
2022-01-20,-0.06786562866516954
2022-01-21,-0.5559667126040005
2022-01-24,-1.8604119488066537
2022-01-25,2.2125049924258193
2022-01-26,1.975816407836931
2022-01-27,-0.6915811167142242
2022-01-28,0.7693632196412692
2022-01-31,1.3021592071681627
2022-02-01,-2.2732031674398927
2022-02-02,0.34708650418364284
2022-02-03,1.8164194166262513
2022-02-04,2.3430945013005067
2022-02-07,-0.6237920851030782
2022-02-08,-2.082159485942168
2022-02-09,0.8446274092200193
2022-02-10,-0.15303894547923697
2022-02-11,3.260983055158479
2022-02-14,2.1371020761563133
2022-02-15,-3.373001037669314
2022-02-16,1.6269166327685551
2022-02-17,-1.9598028462101216
2022-02-18,0.6112291829973765
2022-02-21,1.9584598859376405
2022-02-22,1.5086380912740986
2022-02-24,2.286747255130109
2022-02-25,-1.1674666888455645
2022-02-28,3.076856430576227
2022-03-01,3.8653093009240926
2022-03-02,7.309356268787264
2022-03-03,-2.2114693262537495
2022-03-04,6.696292915071436
2022-03-07,4.227382301282091
2022-03-08,3.798378507473728
2022-03-09,-14.1083333859539
2022-03-10,-1.6419836405381787
2022-03-11,3.009236072968126
2022-03-14,-5.256937414507495
2022-03-15,-6.762403728607243
2022-03-16,-1.9098241263525766
2022-03-17,8.428713638905187
2022-03-18,1.2024192966801812
2022-03-21,6.882608281707515
2022-03-22,-0.12115968595957183
2022-03-23,5.1639614737332264
2022-03-24,-2.136140735227821
2022-03-25,1.3518229891252418
2022-03-28,-7.0118364008685985
2022-03-29,-2.0206336087130694
2022-03-30,2.87931192506267
2022-03-31,-5.006466485020855
2022-04-01,-3.3163660955435157
2022-04-04,2.9635992982227806
2022-04-05,-0.8311202531981655
2022-04-06,-5.364532978388216
2022-04-07,-0.48599153427524566
2022-04-08,2.1637350820264896
2022-04-11,-4.273729968788549
2022-04-12,6.0672405832690375
2022-04-13,3.880160628592614
2022-04-14,2.648921208034042
2022-04-18,1.298604035821128
2022-04-19,-5.364018862524009
2022-04-20,-0.4204631282031924
2022-04-21,1.422419743138168
2022-04-22,-1.5629679040116429
2022-04-25,-4.1447287646772395
2022-04-26,2.57599502562627
2022-04-27,0.3138227101258769
2022-04-28,2.1324371977709338
2022-04-29,1.6134586861035471
2022-05-02,-1.6227536621756695
2022-05-03,-2.456016179739013
2022-05-04,4.807768878662909
2022-05-05,0.6876610521986044
2022-05-06,1.3346071173854273
2022-05-09,-5.910206941379508
2022-05-10,-3.340041760532449
2022-05-11,4.811138798608047
2022-05-12,-0.055824340861720216
2022-05-13,3.7447297790022036
2022-05-16,2.3828577712732764
2022-05-17,-2.0427822690098014
2022-05-18,-2.5517128234168904
2022-05-19,2.649940272490047
2022-05-20,0.45416169608333895
2022-05-23,0.7700175233140675
2022-05-24,0.12335890188884457
2022-05-25,0.41302400644966497
2022-05-26,2.912533572472895
2022-05-27,1.7143518286339512
2022-05-30,1.858203611902213
2022-05-31,0.9570233773263851
2022-06-01,-5.479562426766969
2022-06-02,1.1286994557993233
2022-06-03,1.7781617121553066
2022-06-06,-0.17556331057085442
2022-06-07,0.8830447250429627
2022-06-08,2.4658222503614167
2022-06-09,-0.4135420448588215
2022-06-10,-0.8650290597002362
2022-06-13,0.21287055688558126
2022-06-14,-0.9037195912667508
2022-06-15,-2.21971730430739
2022-06-16,1.0909809451450396
2022-06-17,-5.74579525035451
2022-06-20,0.8888947417245994
2022-06-21,0.45458597384049954
2022-06-22,-2.5709265272910864
2022-06-23,-1.5239936058532
2022-06-24,2.7514394175791943
2022-06-27,1.726522883213712
2022-06-28,2.480068759452949
2022-06-29,-1.4686056301724641
2022-06-30,-1.2550474167483896
2022-07-01,-2.8088757079079842
2022-07-04,1.6613005894816613
2022-07-05,-9.930935528447563
2022-07-06,-2.0446991709458193
2022-07-07,3.857495896448526
2022-07-08,2.239428399114966
2022-07-11,0.07472445705445402
2022-07-12,-7.37058408524347
2022-07-13,0.08037777987246715
2022-07-14,-0.4731473064050657
2022-07-15,2.0573980465822057
2022-07-18,4.927960358283945
2022-07-19,1.0111498940186316
2022-07-20,-0.40136330540717297
2022-07-21,-2.9037052854545404
2022-07-22,-0.637498536871051
2022-07-25,1.8719049101246352
2022-07-26,-0.7158226700170477
2022-07-27,2.1041435946076645
2022-07-28,0.48652790581992694
2022-07-29,2.6434880298530126
2022-08-01,-9.510112975425503
2022-08-02,0.5085517267339859
2022-08-03,-3.811529689925671
2022-08-04,-2.7869797506010756
2022-08-05,0.8463867708401044
2022-08-08,1.8061774086777183
2022-08-09,-0.3524050081567043
2022-08-10,1.1254055075716596
2022-08-11,2.2335953942063083
2022-08-12,-1.4665243868082325
2022-08-15,-3.156795117112561
2022-08-16,-2.9451552472501623
2022-08-17,1.4087011811254668
2022-08-18,3.0910787301107066
2022-08-19,0.13449901153326121
2022-08-22,-0.24844733276618336
2022-08-23,3.803203655270323
2022-08-24,0.9928596254353307
2022-08-25,-1.8748056106727418
2022-08-26,1.6473192359261015
2022-08-29,3.979562383903977
2022-08-30,-5.657085496223802
2022-08-31,-2.8806894882974854
2022-09-01,-4.374539154599777
2022-09-02,0.7120539309656273
2022-09-05,2.8821660168412007
2022-09-06,-3.086632055252172
2022-09-07,-5.343304893363475
2022-09-08,1.2983529830943046
2022-09-09,4.0557237097086825
2022-09-12,1.2417200863767663
2022-09-13,-0.8869000807670259
2022-09-14,0.9932265129000306
2022-09-15,-3.5258329353976103
2022-09-16,0.5598565586658005
2022-09-19,0.7090294225024616
2022-09-20,-1.511363781004807
2022-09-21,-0.8755943997876982
2022-09-22,0.698876880858179
2022-09-23,-4.881780107575833
2022-09-26,-2.455913339696805
2022-09-27,2.595108351151673
2022-09-28,3.4743513883469657
2022-09-29,-0.9335875692698349
2022-09-30,-0.6007385592698414
2022-10-03,1.0179931821202142
2022-10-04,3.2550200118682344
2022-10-05,1.6957796869389756
2022-10-06,1.1182820622306169
2022-10-07,3.6397903645875225
2022-10-10,-1.7825416599491741
2022-10-11,-1.9950262686938145
2022-10-12,-1.9707181644452076
2022-10-13,2.2672343194286837
2022-10-14,-3.1581572050298927
2022-10-17,-0.010914051852567075
2022-10-18,-1.750664033821064
2022-10-19,2.609224977956365
2022-10-20,-0.0324692897489791
2022-10-21,1.2050931292182097
2022-10-24,-0.2570144914466511
2022-10-25,0.2784025783638131
2022-10-26,2.29384826273585
2022-10-27,1.3184722529832698
2022-10-28,-1.2349038787476403
2022-10-31,-0.9863668637891821
2022-11-01,-0.18999372403041384
2022-11-02,1.5827593131565467
2022-11-03,-1.5616310646097527
2022-11-04,4.036979553654765
2022-11-07,-0.6616136913331585
2022-11-08,-2.649161544697634
2022-11-09,-2.8830250585670782
2022-11-10,1.0949014489670303
2022-11-11,2.4466052154406204
2022-11-14,-3.014028182121432
2022-11-15,0.7700572812040378
2022-11-16,-1.0711327774495931
2022-11-17,-3.373074923798952
2022-11-18,-2.4352950968033666
2022-11-21,-0.19420809211413115
2022-11-22,1.0352177087305288
2022-11-23,-3.3956188593860577
2022-11-24,-0.0819912198201925
2022-11-25,-2.0240970366419626
2022-11-28,-0.5275159097638019
2022-11-29,-0.19251600218570528
2022-11-30,2.8495338889588004
2022-12-01,1.6830529022097944
2022-12-02,-1.5193101755661895
2022-12-05,-3.4357019616395785
2022-12-06,-4.110928784114954
2022-12-07,-2.7857666502906357
2022-12-08,-1.3305701128340832
2022-12-09,-0.0656814473530838
2022-12-12,2.453234847476663
2022-12-13,3.3910099743604567
2022-12-14,2.4728888943634506
2022-12-15,-1.818120973532621
2022-12-16,-2.7084338854706984
2022-12-19,0.9569451016150673
2022-12-20,0.23781224049674193
2022-12-21,2.725367520140377
2022-12-22,-1.4953091458119139
2022-12-23,3.566175348402658
2022-12-27,0.4873709498508348
2022-12-28,-1.2769431819720791
2022-12-29,-1.2083278964551363
2022-12-30,4.341527384768707
2023-01-03,-4.536222019158267
2023-01-04,-5.328257858063281
2023-01-05,1.0860644669142259
2023-01-06,-0.15261353591618554
2023-01-09,1.3652089168327484
2023-01-10,0.5633817718255844
2023-01-11,3.1580925190270803
2023-01-12,1.6317098675542534
2023-01-13,1.476608247740766
2023-01-16,-0.9661910911736972
2023-01-17,1.7138581254757115
2023-01-18,-1.1000696073889074
2023-01-19,1.3790098161467474
2023-01-20,1.6917372219626237
2023-01-23,0.6370172832330147
2023-01-24,-2.3635795099007137
2023-01-25,-0.011611030491986927
2023-01-26,1.5554204935601228
2023-01-27,-0.9303461120000266
2023-01-30,-2.0518322994461564
2023-01-31,-0.4840909152548295
2023-02-01,-1.9722147637369922
2023-02-02,-0.8120764584286918
2023-02-03,-2.7513918659919105
2023-02-06,1.3049336977721058
2023-02-07,3.2793805783884267
2023-02-08,1.659002381668341
2023-02-09,-0.695798549833787
2023-02-10,2.212039400766458
2023-02-13,0.25433539721606235
2023-02-14,-1.1963671354282703
2023-02-15,-0.233972965885485
2023-02-16,-0.2814920929809673
2023-02-17,-2.5456352603408408
2023-02-20,1.2809177350607477
2023-02-21,-1.220694908790155
2023-02-22,-2.9944186546721334
2023-02-23,1.977829965145941
2023-02-24,1.148951382577009
2023-02-27,-0.8574413984204239
2023-02-28,1.7314367852595256
2023-03-01,0.49940650763810646
2023-03-02,0.5205264325975414
2023-03-03,1.2662849469568822
2023-03-06,0.4069536457563457
2023-03-07,-3.4109638240442783
2023-03-08,-0.7592684863662974
2023-03-09,-1.3029103642877358
2023-03-10,1.4479780879877557
2023-03-13,-2.458087686638142
2023-03-14,-4.197304259132717
2023-03-15,-4.97654620839698
2023-03-16,1.3612987359863769
2023-03-17,-2.3431694361242883
2023-03-20,1.1174823292746552
2023-03-21,2.052248271867611
2023-03-22,1.8025617987816236
2023-03-23,-1.022289374809107
2023-03-24,-1.2193656715378847
2023-03-27,4.0891334695180355
2023-03-28,0.676152349580865
2023-03-29,-0.4715486976411447
2023-03-30,1.256760432118892
2023-03-31,0.6287747073973649
2023-04-03,6.26798938688799
2023-04-04,0.011773709320702814
2023-04-05,0.05884776254097054
2023-04-06,0.1528423082799491
2023-04-10,-1.110466225090963
2023-04-11,1.68447354119696
2023-04-12,1.9891947671247252
2023-04-13,-1.4300785755778254
2023-04-14,0.2552205561703039
2023-04-17,-1.8121732831467854
2023-04-18,0.011797322021584188
2023-04-19,-1.9656359829342118
2023-04-20,-2.4602385669604825
2023-04-21,0.6881324770062559
2023-04-24,1.3018007310661863
2023-04-25,-2.397668374788669
2023-04-26,-3.8879060491875457
2023-04-27,0.8714652102443909
2023-04-28,1.4818838714771345
2023-05-01,-0.28958156843163513
2023-05-02,-5.161852030627666
2023-05-03,-4.05067229277622
2023-05-04,0.2347580999439844
2023-05-05,3.789357294521879
2023-05-08,2.245514874531095
2023-05-09,0.5568159417162639
2023-05-10,-1.338986530884626
2023-05-11,-1.8892166351709299
2023-05-12,-1.086165555929931
2023-05-15,1.4190331823663451
2023-05-16,-0.42626946123387516
2023-05-17,2.699841339765946
2023-05-18,-1.4396270096698123
2023-05-19,-0.3697838339409989
2023-05-22,0.5410054760350681
2023-05-23,1.1123585218662522
2023-05-24,1.9588255175983968
2023-05-25,-2.716503864692229
2023-05-26,0.9007305855470537
2023-05-29,0.15582395050136236
2023-05-30,-4.688462391677574
2023-05-31,-1.2038449080070177
2023-06-01,2.2050709691449235
2023-06-02,2.460066883361609
2023-06-05,0.7589672653083657
2023-06-06,-0.5490209869066838
2023-06-07,0.8613992182750225
2023-06-08,-1.294897434080318
2023-06-09,-1.5522699740508774
2023-06-12,-4.0242762209632055
2023-06-13,3.3534929169770757
2023-06-14,-1.4780932196449013
2023-06-15,3.318635973916422
2023-06-16,1.2345835822299362
2023-06-19,-0.6810766340298102
2023-06-20,-0.25001657868471555
2023-06-21,1.5945965900705985
2023-06-22,-3.940745257970405
2023-06-23,-0.3919188745197482
2023-06-26,0.44585630840559987
2023-06-27,-2.6223846341950567
2023-06-28,2.4199690735512824
2023-06-29,0.41787484140990644
2023-06-30,0.7504725654067792
2023-07-03,-0.3343366537974442
2023-07-04,2.12068915023216
2023-07-05,0.5232189830302106
2023-07-06,-0.16974607457710836
2023-07-07,2.5164241567329784
2023-07-10,-0.9989837177052405
2023-07-11,2.1771819290760623
2023-07-12,0.8902321973935334
2023-07-13,1.548306151327916
2023-07-14,-1.8483438811006891
2023-07-17,-1.7301688140934837
2023-07-18,1.4292281480990707
2023-07-19,-0.21371558829006476
2023-07-20,0.2262728809542766
2023-07-21,1.7796499803620167
2023-07-24,2.03901820336497
2023-07-25,1.0818713527167367
2023-07-26,-0.864558699285393
2023-07-27,1.579358025814105
2023-07-28,0.8863734684814708
2023-07-31,0.6684281703670054
2023-08-01,-0.7626012202932906
2023-08-02,-2.034452418410904
2023-08-03,2.3049612572843357
2023-08-04,1.2837146760680682
2023-08-07,-1.0490829400833033
2023-08-08,0.9678811491821492
2023-08-09,1.5887969480185362
2023-08-10,-1.3222382921850815
2023-08-11,0.4734146593706673
2023-08-14,-0.693564218188303
2023-08-15,-1.542987947195709
2023-08-16,-1.7108650642032284
2023-08-17,0.799670072665494
2023-08-18,0.8051191963358186
2023-08-21,-0.40174932920598844
2023-08-22,-0.510417156567062
2023-08-23,-0.9806345027788386
2023-08-24,0.1801045092718264
2023-08-25,1.3346241952894704
2023-08-28,-0.07104796035986741
2023-08-29,1.2595069683789557
2023-08-30,0.43186527582722556
2023-08-31,1.157956431026128
2023-09-01,1.9269737122166704
2023-09-04,0.506900550329723
2023-09-05,1.1617646306391787
2023-09-06,0.6200197010402088
2023-09-07,-0.7533826903552584
2023-09-08,0.8085551055479135
2023-09-11,-0.011032048110921443
2023-09-12,1.5544921669344565
2023-09-13,-0.19571605681979698
2023-09-14,1.9614811423479004
2023-09-15,0.24516347620475795
2023-09-18,0.5308995268553905
2023-09-19,-0.09535414188622225
2023-09-20,-0.8623037409656077
2023-09-21,-0.24621325931615165
2023-09-22,-0.032159511452598134
2023-09-25,0.02144082340975381
2023-09-26,0.7156238817842249
2023-09-27,2.7191849083811426
2023-09-28,-1.2192096004445143
2023-09-29,-0.07341759205437198
2023-10-02,-4.9467132322681815
2023-10-03,0.2312394357489882
2023-10-04,-5.784444916531282
2023-10-05,-2.0485764671824254
2023-10-06,0.6048046897137075
2023-10-09,4.1342076799536835
2023-10-10,-0.5688297476635742
2023-10-11,-2.1099531803864946
2023-10-12,0.20952166901291566
2023-10-13,5.530268787717139
2023-10-16,-1.3736784079537028
2023-10-17,0.27847414264326886
2023-10-18,1.7641030803900937
2023-10-19,0.957153272098355
2023-10-20,-0.23843080548782017
2023-10-23,-2.560720170646587
2023-10-24,-1.9787042423747199
2023-10-25,2.3121119750950347
2023-10-26,-2.471202917740753
2023-10-27,2.858778841695423
2023-10-30,-3.4061630343254006
2023-10-31,-0.04575088722145396
2023-11-01,-3.2320878910382023
2023-11-02,2.5893679005099384
2023-11-03,-2.2826191937237446
2023-11-06,0.3410363745191025
2023-11-07,-4.281486101391599
2023-11-08,-2.569176370160689
2023-11-09,0.5891587082488026
2023-11-10,1.7592128617007314
2023-11-13,1.3296932724010893
2023-11-14,-0.06060973577870064
2023-11-15,-1.576567943451224
2023-11-16,-4.742376626124973
2023-11-17,4.037756614600744
2023-11-20,2.0991380230284586
2023-11-21,0.15779574798137952
2023-11-22,-0.5960725634908993
2023-11-23,-0.661038029586619
2023-11-24,-1.0370463311631573
2023-11-27,-0.7473876344528853
2023-11-28,2.1032570437737945
2023-11-29,1.7235528004992193
2023-11-30,-0.32543872512296884
2023-12-01,-4.886260431579284
2023-12-04,-1.0834342165710007
2023-12-05,-1.0693911097939366
2023-12-06,-3.828850530701703
2023-12-07,-0.3370411009905693
2023-12-08,2.3885317232958574
2023-12-11,0.25021412935789433
2023-12-12,-3.738627943403542
2023-12-13,1.383072894262426
2023-12-14,3.115516777979548
2023-12-15,-0.07834944250368396
2023-12-18,1.8123473400092818
2023-12-19,1.6287419473365043
2023-12-20,0.5914570819018802
2023-12-21,-0.3897170059147324
2023-12-22,-0.4038879654186435
2023-12-26,2.4979442916780075
2023-12-27,-1.7670942643558045
2023-12-28,-1.594566815542673
2023-12-29,-1.737160071076058
2024-01-02,-1.5039844074048696
2024-01-03,3.062390600444125
2024-01-04,-0.8470276514404641
2024-01-05,1.4966700865066809
2024-01-08,-3.4094211342976015
2024-01-09,1.9127510477909135
2024-01-10,-1.0233912752231464
2024-01-11,0.791133106299567
2024-01-12,1.1303909703200974
2024-01-15,-0.17898240523371592
2024-01-16,0.1789824052337123
2024-01-17,-0.5250700415824058
2024-01-18,1.5543694269609325
2024-01-19,-0.6850210727397675
2024-01-22,1.8913689518217203
2024-01-23,-0.6390598780631753
2024-01-24,0.61407549317368
2024-01-25,2.9422938609603553
2024-01-26,1.3495806716266412
2024-01-29,-1.3859818125976622
2024-01-30,0.5687677945525188
2024-01-31,-1.4096721464335191
2024-02-01,-3.753323797325836
2024-02-02,-1.756117680241348
2024-02-05,0.8498634721462519
2024-02-06,0.7663851535676933
2024-02-07,0.7858088598104637
2024-02-08,3.009428798707629
2024-02-09,0.6836798697144004
2024-02-12,-0.23143928961555219
2024-02-13,0.9346429633051193
2024-02-14,-1.423641492724311
2024-02-15,1.5323174679194589
2024-02-16,0.733484921338955
2024-02-19,0.10776508257197437
2024-02-20,-1.470792034660639
2024-02-21,0.8344971932180688
2024-02-22,0.7678502033567951
2024-02-23,-2.4806160329847624
2024-02-26,1.1087533626933268
2024-02-27,1.3479563828240235
2024-02-28,0.03585728837799085
2024-02-29,-0.07172743881938097
2024-03-01,-0.08374708870162899
2024-03-04,-0.9017193650188745
2024-03-05,-0.9221128187034031
2024-03-06,1.115163071709191
2024-03-08,-1.0664182498812484
2024-03-11,0.15825677415826853
2024-03-12,-0.35337878728442845
2024-03-13,2.5430716648929192
2024-03-14,1.640638747319369
2024-03-15,-0.09369876534664869
2024-03-18,1.7999673091260735
2024-03-19,0.562347267217514
2024-03-20,-1.65006916944315
2024-03-21,-0.19798527401238875
2024-03-22,-0.4088551925207103
2024-03-25,1.533309166344131
2024-03-26,-0.5780362915499425
2024-03-27,-0.18567952416057965
2024-03-28,1.6016935138703825
2024-04-01,-0.06861063733986034
2024-04-02,1.7012999660827293
2024-04-03,0.4824152509441236
2024-04-04,1.4444695595423178
2024-04-05,0.5719958395951253
2024-04-08,-0.8702891613677796
2024-04-09,-1.0678633177298997
2024-04-10,1.1784461002030395
2024-04-11,-0.821223126002785
2024-04-12,0.7880611293466899
2024-04-15,-0.3877047227012004
2024-04-16,-0.08882967495056292
2024-04-17,-3.0795959117528175
2024-04-18,-0.20642209164578046
2024-04-19,0.20642209164578595
2024-04-22,-0.3327790092674691
2024-04-23,1.6190069743513467
2024-04-24,-0.4534127015151829
2024-04-25,1.1184661587894789
2024-04-26,0.5489902309969408
2024-04-29,-1.2366655637211865
2024-04-30,-0.6127331095964336
2024-05-01,-5.161682785511657
2024-05-02,0.27526796149904226
2024-05-03,-0.8521926386235482
2024-05-06,0.44500644728435934
2024-05-07,-0.20421654043032908
2024-05-08,0.5037794029957081
2024-05-09,0.35829490139499287
2024-05-10,-1.3079924883004619
2024-05-13,0.6861296854342136
2024-05-14,-1.1825888997122183
2024-05-15,0.4481325249237608
2024-05-16,0.6264325990555556
2024-05-17,0.8490335008319331
2024-05-20,-0.32202305840823114
2024-05-21,-0.996466616079211
2024-05-22,-1.1894787652149095
2024-05-23,-0.6615239118719317
2024-05-24,0.9297840410428313
2024-05-27,1.1863109710669597
2024-05-28,1.3387720872379252
2024-05-29,-0.7388902643125884
2024-05-30,-2.1033049026398896
2024-05-31,-0.2936141086597252
2024-06-03,-4.076073690131965
2024-06-04,-1.0777625493829266
2024-06-05,1.1415502660319734
2024-06-06,1.8448842686467097
2024-06-07,-0.3134995357126427
2024-06-10,2.4931523891093272
2024-06-11,0.3546319827933104
2024-06-12,0.8266519235734727
2024-06-13,0.18143337302398643
2024-06-14,-0.1572232288553719
2024-06-17,1.9536787263852544
2024-06-18,1.2737523316022346
2024-06-19,-0.305164556070054
2024-06-20,0.7495057922998457
2024-06-21,-0.5498697680375009
2024-06-24,0.8992761332971941
2024-06-25,-1.1694671934120653
2024-06-26,0.28192195343585613
2024-06-27,1.3283812207166679
2024-06-28,0.023148148251505726
2024-07-01,0.21964057150814842
2024-07-02,-0.41657084077023887
2024-07-03,1.267444089672808
2024-07-04,0.10299251353846758
2024-07-05,-1.0231738396060894
2024-07-08,-0.9170648750689523
2024-07-09,-1.2792850953271655
2024-07-10,0.49487552392588274
2024-07-11,0.3754110462487732
2024-07-12,-0.4341965396823147
2024-07-15,-0.2119143717465864
2024-07-16,-1.3287655463894743
2024-07-17,1.5994654115695808
2024-07-18,0.03525471568331744
2024-07-19,-2.957172677577675
2024-07-22,-0.27873737976668145
2024-07-23,-1.7012833073026183
2024-07-24,0.8603789554215983
2024-07-25,0.8044899556541326
2024-07-26,-1.5168486546183861
2024-07-29,-1.6779959929713009
2024-07-30,-1.4519540473835968
2024-07-31,2.6233070041928914
2024-08-01,-1.4977813697035012
2024-08-02,-3.4673722337727995
2024-08-05,-0.6661901720179308
2024-08-06,0.23563304527346118
2024-08-07,2.390140263600118
2024-08-08,1.0540449355217731
2024-08-09,0.6296457019133158
2024-08-12,3.2603529929526065
2024-08-13,-1.9756455822608903
2024-08-14,-1.1592526206832197
2024-08-15,1.5920734286844977
2024-08-16,-1.6924246664085163
2024-08-19,-2.5678288972821637
2024-08-20,-0.594086727279074
2024-08-21,-1.500843832542868
2024-08-22,1.526747213078838
2024-08-23,2.304249414715426
2024-08-26,3.004277049579543
2024-08-27,-2.335800069524424
2024-08-28,-1.137812527950898
2024-08-29,1.6268723778890481
2024-08-30,-1.4363356419344009
2024-09-02,-1.6377029281322655
2024-09-03,-4.985497236258151
2024-09-04,-1.4339610680455523
2024-09-05,-0.013756104292968911
2024-09-06,-2.2679232903662934
2024-09-09,1.0916833401063122
2024-09-10,-3.7585080483224593
2024-09-11,2.0315434017535896
2024-09-12,1.9077587991457496
2024-09-13,-0.5014636500864494
2024-09-16,1.5794177032753587
2024-09-17,1.297389314368898
2024-09-18,-0.06786562866515844
2024-09-19,1.6562689260697265
2024-09-20,-0.5221943981151712
2024-09-23,-0.7952060234028663
2024-09-24,1.703938723522138
2024-09-25,-2.3011174797856393
2024-09-26,-2.564596642492128
2024-09-27,0.5293228684284801
2024-09-30,-0.2921741208904172
2024-10-01,2.4634838294139874
2024-10-02,0.46114282180358157
2024-10-03,4.911229798660412
2024-10-04,0.5524521020680672
2024-10-07,3.6234936546169556
2024-10-08,-4.7444227398137855
2024-10-09,-0.7804410060324306
2024-10-10,3.6162422203941613
2024-10-11,-0.45443148134776273
2024-10-14,-2.0192379353006458
2024-10-15,-4.23238964037971
2024-10-16,-0.04041220503574698
2024-10-17,0.3094103497566472
2024-10-18,-1.8846737762881551
2024-10-21,1.669533179657848
2024-10-22,2.3283164456513497
2024-10-23,-1.4304879690061885
2024-10-24,-0.776754943324275
2024-10-25,2.220393020837781
2024-10-28,-6.281307653899944
2024-10-29,-0.42093509606532087
2024-10-30,1.9907388124547585
2024-10-31,0.8372844192468035
2024-11-01,-0.08204567669322078
2024-11-04,2.6725844962575316
2024-11-05,0.5975716607048529
2024-11-06,-0.8109050749468829
2024-11-07,0.9432152292050389
2024-11-08,-2.3546238327291644
2024-11-11,-2.800457545393621
2024-11-12,0.08349569090698533
2024-11-13,0.5410292728247479
2024-11-14,0.38663400828534805
2024-11-15,-2.1170707122966483
2024-11-18,3.131751020869099
2024-11-19,0.013641634288943109
2024-11-20,-0.6843716828875531
2024-11-21,1.9315072722835873
2024-11-22,1.2583834059921968
2024-11-25,-2.9155797121383062
2024-11-26,-0.27431096613747524
2024-11-27,0.027464982320396417
2024-11-28,0.6159762136051175
2024-11-29,-0.4650534985340667
2024-12-02,-1.5334969293823875
2024-12-03,2.461451186416502
2024-12-04,-1.7954295764014565
2024-12-05,-0.30470937703732415
2024-12-06,-1.3546747210838068
2024-12-09,1.4240084269743647
2024-12-10,0.0692856675676774
2024-12-11,1.825594589636197
2024-12-12,-0.14973119247415895
2024-12-13,1.4604722065494888
2024-12-16,-0.7816751391389576
2024-12-17,-0.9789337183659655
2024-12-18,0.272888694383573
2024-12-19,-0.6973433605268594
2024-12-20,0.08229324288313442
2024-12-23,-0.42591257624573436
2024-12-24,1.2995190058551453
2024-12-26,-0.4358492325959952
2024-12-27,1.234499839779832
2024-12-30,0.2961768454783182
2024-12-31,0.33550323358383727
2025-01-02,1.7135306686054068
2025-01-03,0.7609588018618105
2025-01-06,-0.2748512953349271
2025-01-07,0.9781623475713394
2025-01-08,-1.1618171283014849
2025-01-09,0.9929530237469073
2025-01-10,3.6256204933003975
2025-01-13,1.555047818881705
2025-01-14,-1.354646950210181
2025-01-15,2.605889967436039
2025-01-16,-0.9062026256177558
2025-01-17,-0.6169812266863697
2025-01-20,-0.7953316436055249
2025-01-21,-1.0787861771254408
2025-01-22,-0.36641648172861185
2025-01-23,-0.9027971547198541
2025-01-24,0.26787438685399106
2025-01-27,-1.8254781242197125
2025-01-28,0.5305052229693098
2025-01-29,-1.1812949726710353
2025-01-30,0.37797373118923355
2025-01-31,-0.14320122215414657
2025-02-03,-1.0476785195414138
2025-02-04,0.3154576748515567
2025-02-05,-2.1086916209177655
2025-02-06,-0.429819331970808
2025-02-07,0.49681203227228715
2025-02-10,1.607687586354585
2025-02-11,1.4784072503700318
2025-02-12,-2.392018371765184
2025-02-13,-0.21304934822907517
2025-02-14,-0.3739320596403466
2025-02-17,0.6401728984852555
2025-02-18,0.8208704904576184
2025-02-19,0.2633659673461988
2025-02-20,0.5769751122917486
2025-02-21,-2.717018237132645
2025-02-24,0.46913831771482073
2025-02-25,-2.3817093321476897
2025-02-26,-0.6733106852169758
2025-02-27,2.060521832997575
2025-02-28,-1.1683328114235951
2025-03-03,-2.154779502077411
2025-03-04,-0.8131265886371988
2025-03-05,-2.4798192488057262
2025-03-06,0.23061411200703646
2025-03-07,1.2873872553429544
2025-03-10,-1.5468655615177693
2025-03-11,0.40334252319025365
2025-03-12,1.978571411996944
2025-03-13,-1.519591834019594
2025-03-14,0.9967332981268187
2025-03-17,0.691848859167972
2025-03-18,-0.7201895140267802
2025-03-19,0.3113063218781416
2025-03-20,1.7089644098738022
2025-03-21,0.221975673831281
2025-03-24,1.1573565394022982
2025-03-25,0.027393507909959765
2025-03-26,1.0489844842784561
2025-03-27,0.3247195384731591
2025-03-28,-0.541786507438156
2025-03-31,1.496287267671232
2025-04-01,-0.33505358691529497
2025-04-02,0.6156336360421838
2025-04-03,-6.632797983657471
2025-04-04,-6.722247329552984
2025-04-07,-2.1111809610545214
2025-04-08,-2.188546769545644
2025-04-09,4.147125839243363
2025-04-10,-3.3385601974595316
2025-04-11,2.2328978281095457
2025-04-14,0.18512809977230174
2025-04-15,-0.32419943486560027
2025-04-16,1.808201273078859
2025-04-17,3.1539868614441287
2025-04-21,-2.5332899931981294
2025-04-22,1.7651916821850027
2025-04-23,-1.9767040740776467
2025-04-24,0.6482271888297142
2025-04-25,0.47968912247667583
2025-04-28,-1.5219159117669063
2025-04-29,-2.474955317288909
2025-04-30,-1.7744047237710472
2025-05-01,-1.5808712462016188
2025-05-02,-1.3612266577962204
2025-05-05,-1.744613044201071
2025-05-06,3.1380250901090494
2025-05-07,-1.671167309845507
2025-05-08,2.77526685291555
2025-05-09,1.6884030274769801
2025-05-12,1.629585219123217
2025-05-13,2.5383230721023353
2025-05-14,-0.8137477092084208
2025-05-15,-2.3887217534613066
2025-05-16,1.3544920025372986
2025-05-19,0.1985491297547209
2025-05-20,-0.24442419746040903
2025-05-21,-0.7214706250687389
2025-05-22,-0.7267136736603577
2025-05-23,0.5262355434409631
2025-05-26,-0.061766524508509675
2025-05-27,-1.0090902981962717
2025-05-28,1.2559278193908874
2025-05-29,-1.1623532648398927
2025-05-30,-0.3904729678156371
2025-06-02,1.1359337891314978
2025-06-03,1.5354209210827245
2025-06-04,-1.1801807606459456
2025-06-05,0.7373305293752358
2025-06-06,1.7146311880566325
2025-06-09,0.8538738120337258
2025-06-10,-0.2539020107940411
2025-06-11,4.245368188525793
2025-06-12,-0.58937854788587
2025-06-13,6.785804865716918
2025-06-16,-1.3563208056477152
2025-06-17,4.303175930209288
2025-06-18,0.3264775998139235
2025-06-19,2.7645605035836764
2025-06-20,-2.3612029857888563
2025-06-23,-7.451759325993146
2025-06-24,-6.26376987393385
2025-06-25,0.8010723746078979
2025-06-26,0.07384979288445104
2025-06-27,0.059040592120923725
2025-06-30,-0.2363718045435016
2025-07-01,-0.7422836932438611
2025-07-02,2.9366373933155008
2025-07-03,-0.44956931640050235
2025-07-04,-0.729397836255361
2025-07-07,1.8567403147051638
2025-07-08,0.8158636824673972
2025-07-09,0.05700441938601312
2025-07-10,-2.233039556262326
2025-07-11,2.4749464689650593
2025-07-14,-1.6479559015585483
2025-07-15,-0.7250611810787444
2025-07-16,-0.2769075587065436
2025-07-17,1.4488807501217378
2025-07-18,-0.34582167029568295
2025-07-21,-0.10109034004078864
2025-07-22,-0.8998609342541812
2025-07-23,-0.11670314964222833
2025-07-24,0.9732083494215036
2025-07-25,-1.0754354485030098
2025-07-28,2.310905839365852
2025-07-29,3.4657975965850247
2025-07-30,1.001723642280848
2025-07-31,-0.9741450430988908
2025-08-01,-4.023046033329348
2025-08-04,-1.3147628527378972
2025-08-05,-1.6422656484269025
2025-08-06,-1.1150044900062877
2025-08-07,-0.6900717453166811
2025-08-08,0.24056544453812304
2025-08-11,0.060051045191457535
2025-08-12,-0.7683653621622194
2025-08-13,-0.7438364467192151
2025-08-14,1.8268795241561695
2025-08-15,-1.4922275537903067
2025-08-18,1.1325149357053503
2025-08-19,-1.2236726448436808
2025-08-20,1.5833852629286487
2025-08-21,1.2341246516941164
2025-08-22,0.08862629826782802
2025-08-25,1.5674531712485569
2025-08-26,-2.3232922642338325
2025-08-27,1.2271906800515358
2025-08-28,0.834130833282864
2025-08-29,-0.7313181635816167
2025-09-01,0.04403023480541778
2025-09-02,1.4422276350936842
2025-09-03,-2.2525451444560196
2025-09-04,-0.9064628528742192
2025-09-05,-2.2493211878969928
2025-09-08,0.7907583783840636
2025-09-09,0.5588716306021022
2025-09-10,1.6432996024247088
2025-09-11,-1.6734291597481366
2025-09-12,0.9298207362342371
2025-09-15,0.6694959173423899
2025-09-16,1.515737943937149
2025-09-17,-0.7623552535818814
2025-09-18,-0.7533826903552807
2025-09-19,-1.1333255811006673
2025-09-22,-0.16510322699812488
2025-09-23,1.5797645974236305
2025-09-24,2.4537524343044947
2025-09-25,0.1585814503746979
2025-09-26,1.0175652115178684
2025-09-29,-3.128423119027218
2025-09-30,-1.40753490493826
2025-10-01,-2.523364223893345
2025-10-02,-1.9157082071064968
2025-10-03,0.6529873948582539
2025-10-06,1.4461790505251653
2025-10-07,-0.03055300970910189
2025-10-08,1.214897251042267
2025-10-09,-1.566929450515852
2025-10-10,-3.8926368252521173
2025-10-13,0.9361432904159531
2025-10-14,-1.4796228890116399
2025-10-15,-0.7723288591554268
2025-10-16,-1.3824730224408917
2025-10-17,0.37597101909085645
2025-10-20,-0.45789123338792787
2025-10-21,0.5068268839852376
2025-10-22,2.049946693299687
2025-10-23,5.2897694458720075
2025-10-24,-0.07579777517452556
2025-10-27,-0.48647101106292767
2025-10-28,-1.8766894422647604
2025-10-29,0.8042109536082361
2025-10-30,0.12315272492465146
2025-10-31,0.10763436112554896
2025-11-03,-0.277008487381549
2025-11-04,-0.6958970324303457
2025-11-05,-1.4379741369893275
2025-11-06,-0.22064626761055814
2025-11-07,0.39367029819260857
2025-11-10,0.6735086936311264
2025-11-11,1.7025639552832157
2025-11-12,-3.8324859178914905
2025-11-13,0.4772519399034706
2025-11-14,2.166489759612805
2025-11-17,-0.2955130854176593
2025-11-18,1.069031793716162
2025-11-19,-2.149615481819368
2025-11-20,-0.20490195521087212
2025-11-21,-1.3022258025719091
2025-11-24,1.286446709836998
2025-11-25,-1.4144057803995136
2025-11-26,1.034958684810378
2025-11-27,0.33209487309595515
2025-11-28,-0.22127399576819573
2025-12-01,-0.04747962422027196
2025-12-02,-1.1463268339022357
2025-12-03,0.35166276649973993
2025-12-04,0.9370353640918675
2025-12-05,0.7715966161032843
2025-12-08,-1.9962640097545175
2025-12-09,-0.8840369395933698
2025-12-10,0.43495839818716364
2025-12-11,-1.5062233094592492
2025-12-12,-0.2614380574070821
2025-12-15,-0.9204535729071683
2025-12-16,-2.745401753476382
2025-12-17,1.2816364301075909
2025-12-18,0.2343097306296526
2025-12-19,1.0807321083319503
2025-12-22,2.6115406140439914
2025-12-23,0.4981930754095934
2025-12-24,-0.22468313095210618
2025-12-26,-2.604313853601998
2025-12-29,2.121143321094042
2025-12-30,-0.03229452635849993
2025-12-31,-1.7431409847935453
2026-01-02,-0.16447372128783783
2026-01-05,1.6488823495862788
2026-01-06,-1.7312207651068101
2026-01-07,-1.2266024831055682
2026-01-08,3.3295408479431154
2026-01-09,2.1543959396665633
2026-01-12,0.8332726463004002
2026-01-13,2.4742254879502323
2026-01-14,1.5910631871726877
2026-01-15,-4.237661984276735
2026-01-16,0.5786238678811829
2026-01-19,-0.29671295290761257
2026-01-20,1.5210599014695037
2026-01-21,0.49170351064225726
2026-01-22,-1.8252633571800907
2026-01-23,2.801476112842733
2026-01-26,-0.4411660003795312
2026-01-27,2.9740852258438926
2026-01-28,1.2208727064421647
2026-01-29,3.3214180987644384
2026-01-30,-0.028288543328664664
2026-02-02,-6.411422299104593
2026-02-03,1.5416005365372636
2026-02-04,3.1145144758738352
2026-02-05,-2.7882982909720058
2026-02-06,0.7374664691267147
2026-02-09,1.4443317677697614
2026-02-10,-0.3482301835874664
2026-02-11,0.8683122573460856
2026-02-12,-2.746301722505729
2026-02-13,0.3400609472108555
2026-02-16,1.3196672454169815
2026-02-17,-1.8079422408065402
2026-02-18,4.254107375448333
2026-02-19,1.8449928316409636
2026-02-20,0.13945058737330313
2026-02-23,-0.3769637971780369
2026-02-24,-1.0122397691067113
2026-02-25,0.1129784048996055
2026-02-26,-0.14124296133423261
2026-02-27,2.4158125211376897
2026-03-02,7.0059263689353015
2026-03-03,4.6005347584417615
2026-03-05,4.808791694956118
2026-03-06,8.179740192968541
